{"hair_color":{"random":false,"value":[-1,-1,0.6,1,-1,-1,-1,-1,-1,-0.2,-1,0.5,-1]},"hair_style":{"random":false,"value":[-1,1,1,1,-1]},"eye_color":{"random":false,"value":[1,-1,-1,-1,-1,-1,-1,0.5,-0.4,-1]},"blush":{"random":false,"value":1},"smile":{"random":false,"value":-1},"open_mouth":{"random":false,"value":-1},"hat":{"random":false,"value":-1},"ribbon":{"random":false,"value":-1},"glasses":{"random":false,"value":-1},"noise":{"random":true,"value":[[0.3028723306511052,0.5654639443004836],[0.0014836483503695153,0.7492250562333458],[0.12980134427749923,0.2272411429035388],[0.9885565776134717,0.36379782722781506],[0.3869008963826428,0.23142936280363724],[0.5778592523240609,0.8494535101280027],[0.4389612170142898,0.45443283345775365],[0.07013667146887248,0.43672887160681895],[0.9710335260408163,0.6397100492161172],[0.32841055569938016,0.5979570243499484],[0.8591978150153263,0.2871578877606793],[0.9420194065009084,0.40518406139433916],[0.8990102200711989,0.04936664698988902],[0.35063131768249556,0.8371961731666056],[0.3830432852795329,0.7204202598453606],[0.3770913758008996,0.23089736114832737],[0.4600489846501965,0.49543669958912795],[0.8313652626984274,0.005633441628646985],[0.48695667938234055,0.863629057177097],[0.38103222883827637,0.10299374506532644],[0.3958816093432471,0.4156507985302562],[0.154672935388666,0.8186280779481705],[0.5232464205985621,0.46084251982449076],[0.6340253878166588,0.9266523421782473],[0.841946307746974,0.6808260396867543],[0.9676197933921606,0.8908195012219635],[0.06720937889129042,0.4104684296457761],[0.7453390252523093,0.9502707617334583],[0.923807178632365,0.5424000409004393],[0.9914006427640434,0.5997762475091859],[0.26149199521568534,0.8266498666473192],[0.8079029016327004,0.8524588500909769],[0.9757247212365854,0.26039482793170365],[0.01055655293726332,0.7905745471133399],[0.930377634417507,0.5071249733812568],[0.760756751637409,0.7412233957833445],[0.9616857776651377,0.01632747583912275],[0.34450492423364776,0.6460574619671686],[0.06602176646604274,0.3232779621852391],[0.09530768318053662,0.11590240508666683],[0.7875820734300534,0.8261520747254716],[0.8519913945678588,0.2577425547272154],[0.9276260788106829,0.23504907913817386],[0.16719828823381055,0.7986830352858998],[0.46914175977579387,0.22737067016354673],[0.11702568763427124,0.3458033649250085],[0.17670135835257295,0.7828442993630469],[0.23116885169927137,0.04698847657253924],[0.8603000686776672,0.6721402257743678],[0.598456842227739,0.9292117351229352],[0.1442934651404224,0.439346525131022],[0.5410058787801912,0.12700772163109608],[0.02036074271728827,0.5479678310716916],[0.6820773830632916,0.00869388946019689],[0.4957991428271604,0.8379963212365569],[0.9008661898527639,0.7843319892532066],[0.16675416166363588,0.2648646707018194],[0.00940133413431199,0.181514927032844],[0.8457013917088108,0.8646697163696173],[0.8590849467138657,0.8466908747477475],[0.13074959817611087,0.4136207259349787],[0.4263991428025633,0.733581949160613],[0.5530156230445025,0.19151933748356043],[0.9480873731174038,0.07695196037524799],[0.495030361404293,0.027857592430711398],[0.9945749585274248,0.49442093463941306],[0.9175066391156697,0.8048578052200006],[0.6113642197545894,0.517467416119284],[0.03644488772543686,0.9598103379052318],[0.43373246191664694,0.7219840626644096],[0.9576665644372959,0.44674286536269925],[0.650236453843571,0.402487061826307],[0.07637090135951996,0.5516676740546906],[0.9866077294081219,0.9272200475730861],[0.8982287577518049,0.8005258826133046],[0.27856232830614025,0.5509888002934054],[0.19157078332459232,0.1722590585280137],[0.14759149169412833,0.5088992732918345],[0.8496237401239299,0.5942356296130846],[0.7423748972151489,0.8300009760016158],[0.5364226770936578,0.8402322702882883],[0.8904298066656142,0.32789293196339964],[0.02531273227759856,0.6508303844664265],[0.47283597314736014,0.4971652444279362],[0.9353077462964854,0.1863733795334257],[0.5124267608264559,0.6244139283843242],[0.5005263518750891,0.13391944717583337],[0.8735335189179996,0.3943699709231083],[0.6741605718879544,0.7638362054144778],[0.7042473136630738,0.013045292266114394],[0.9258264720532632,0.6308842640681909],[0.9750024937934474,0.6300271489767599],[0.07533343096253642,0.36439025134753367],[0.4869614608466486,0.5665409047388392],[0.327730868891136,0.7322745360359846],[0.5458061584630332,0.8538297234505543],[0.3776011383159792,0.7823319700074651],[0.6845177614814411,0.17751720201346943],[0.8913095707758767,0.4356508497783014],[0.06379168493109044,0.8478276593541072],[0.4683509979251306,0.8805613231494618],[0.294745074622049,0.24990145535053832],[0.3642156820107687,0.31220344234098363],[0.18386903437715185,0.6707592674414673],[0.8014093699767528,0.7244807063632563],[0.32744707211677215,0.6870177862074078],[0.748708530875154,0.03599471085360939],[0.7448137366319869,0.13478957729853724],[0.5640951667576202,0.481557362538205],[0.9672192085165894,0.8382899266621939],[0.3361298409839666,0.2287565768232902],[0.6528414178054407,0.8081856229844864],[0.434850375227555,0.02503143251065154],[0.5820926437989884,0.607358229372172],[0.7447462476323654,0.6846724119154277],[0.6584994528740951,0.7975740547604939],[0.13822519994819227,0.43379105175931376],[0.6203060484339831,0.07455764412252708],[0.45242357119162535,0.8562552328666151],[0.8948493606946708,0.43523447624343836],[0.029052079678119735,0.4250354898373181],[0.37661971830083374,0.8562733965030249],[0.4419997888240905,0.24924440152505323],[0.7592525558639995,0.28165671058481556],[0.2079119317823115,0.6966224597402755],[0.11932414203084596,0.14897087448826296],[0.6865773974082141,0.20803328592391934],[0.43839257036918133,0.3620700998820232]]},"modelName":"Amaryllis"}